date,slot,time_pt,bucket,type,quote_modernized,source,hook,hook_formula,caption,hashtags,variant,carousel_id,media_key
2026-07-16,1,8:00 AM PT,C,carousel,,Analects / Attributed,Confucius on why you keep grinding and getting nowhere.,1-callout,"For anyone who works ten-hour days and still feels stuck. Confucius said the fix is not more hours, it is a sharper tool. Swipe for what to sharpen first. Save before your next grind session.",#confucius #wisdom #productivity #discipline #selfimprovement,parchment,02,carousel_02
2026-07-16,2,12:00 PM PT,C,carousel,,Analects / Attributed,Confucius on doing it for the post vs doing it for real.,1-callout,"For the work you only do when someone is watching. Confucius: learn to improve yourself, not to impress everyone else. Swipe. Save the one that hit. What do you do for real?",#confucius #wisdom #selfimprovement #mindset #growthmindset,parchment,03,carousel_03
2026-07-16,3,6:00 PM PT,C,carousel,,Analects / Attributed,Confucius on the shortcut you're tempted to take.,1-callout,For the moment you are tempted to cut a corner. Confucius: money won the wrong way is worth nothing. Swipe before the next shortcut. Save this one.,#confucius #wisdom #integrity #discipline #stoicism,parchment,05,carousel_05
2026-07-17,1,8:00 AM PT,A,reel,"If you only rule by laws and punishments, people will just avoid penalties instead of feeling shame.",Analects 2:3,"Confucius on leading (2,500 years early).",2-modern-problem,"You lead with rules and consequences and wonder why people only do the minimum to stay out of trouble. Fear gets compliance, not buy-in. Nobody feels shame about gaming a system they don't believe in. Save this if you manage anyone.",#confucius #wisdom #leadership #discipline #mindset,A-parchment,,2026-07-17_s1
2026-07-17,2,12:00 PM PT,A,reel,Take care of your own people and others will want in.,Analects 13:16,Everything you're told about leading is wrong.,3-contrarian,You're chasing new people to join while the ones already with you feel taken for granted. Backwards. Take real care of your own and word travels. Others start wanting in on their own. Who on your team needs that attention this week?,#confucius #wisdom #leadership #discipline #mindset,B-ink,,2026-07-17_s2
2026-07-17,3,6:00 PM PT,A,reel,Being wronged is nothing. Refusing to let it go is the real damage.,Analects 14:36,The line from Confucius I wish I heard sooner.,4-cliffhanger,Someone wronged you and it barely cost you anything in the moment. Then you replayed it for a month and that's the part that actually hurt. The damage was never the event. It was the grip. Send this to someone who can't put it down.,#confucius #wisdom #relationships #selfimprovement #mindset,A-parchment,,2026-07-17_s3
2026-07-18,1,8:00 AM PT,A,reel,Lead with seriousness and you earn respect.,Analects 2:20,Why do smart people stay stuck?,5-direct-question,"You want respect but you're showing up half-in, treating the work like it's beneath full effort. People read that instantly. Take it seriously and the respect follows on its own. Why do the talented ones still get overlooked? Save this.",#confucius #wisdom #leadership #discipline #mindset,A-parchment,,2026-07-18_s1
2026-07-18,2,12:00 PM PT,A,reel,"Bring out the best in people, not the worst.",Analects 12:16,3 Confucius truths about character.,6-number-list,You can be the person who brings out someone's best or the one who pokes at their worst. Both are a choice you make in every interaction. The first builds loyalty. The second costs you quietly. Which one were you today?,#confucius #wisdom #selfimprovement #mindset #stoicism,B-ink,,2026-07-18_s2
2026-07-18,3,6:00 PM PT,A,reel,Listening to and watching wickedness is already the start of becoming wicked.,Attributed to Confucius,"If you feel behind, read this.",1-callout,"You keep half-watching the messy stuff, telling yourself you're just observing. You're not. What you steep in slowly becomes you. The drift starts the moment you stop looking away. Save this as a gut check on your feed.",#confucius #wisdom #leadership #discipline #mindset,A-parchment,,2026-07-18_s3
2026-07-19,1,8:00 AM PT,A,reel,Learning without thinking is wasted; thinking without learning is dangerous.,Analects 2:15,"Confucius on discipline (2,500 years early).",2-modern-problem,"You read all day and retain nothing, or you spin theories with no input and call it insight. Both are dead ends. Learning without thinking is wasted, thinking without learning is dangerous. Where are you stuck right now?",#confucius #wisdom #selfimprovement #discipline #growthmindset,A-parchment,,2026-07-19_s1
2026-07-19,2,12:00 PM PT,A,reel,"If your goal seems impossible, don't change the goal. Change your approach.",Attributed to Confucius,Everything you're told about overthinking is wrong.,3-contrarian,"The goal feels impossible so your instinct is to shrink it. Wrong lever. The dream isn't the problem, the plan is. Change the approach and keep the target. Save this for the next time you're about to talk yourself down.",#confucius #wisdom #stillness #mindfulness #wisdomquotes,B-ink,,2026-07-19_s2
2026-07-19,3,6:00 PM PT,A,reel,Is there anything better than learning steadily over time?,Analects 1:1,The line from Confucius I wish I heard sooner.,4-cliffhanger,"You're hunting for a shortcut, a hack, the one trick. There isn't one. The unglamorous answer is steady learning over time, and almost nobody has the patience for it. That's the whole edge. Save this and play long.",#confucius #wisdom #selfimprovement #discipline #growthmindset,A-parchment,,2026-07-19_s3
2026-07-20,1,8:00 AM PT,A,reel,"Promote the honest and sideline the corrupt, and people follow.",Analects 2:19,Why do smart people stay stuck?,5-direct-question,"You wonder why a team loses faith, and it usually traces to who got rewarded. Lift up the honest, sideline the operators, and people fall in line. Do the reverse and you lose the room. Why do good teams quietly rot? Save this.",#confucius #wisdom #leadership #discipline #mindset,A-parchment,,2026-07-20_s1
2026-07-20,2,12:00 PM PT,A,reel,Lift yourself by lifting others.,Analects 6:28,3 Confucius truths about character.,6-number-list,You think you rise by climbing over people. You don't. The ones who actually go far pull others up on the way and get carried by the goodwill. Lift others and you lift yourself. Who can you put on right now?,#confucius #wisdom #selfimprovement #mindset #stoicism,B-ink,,2026-07-20_s2
2026-07-20,3,6:00 PM PT,A,reel,Learn as if you’ll never fully master it and fear losing what you know.,Analects 8:17,"If you feel behind, read this.",1-callout,"You hit a level of competence and quietly coast, and that's exactly when it starts slipping. Learn like you'll never fully own it and guard what you've got. The fear of losing it keeps you sharp. Save this if you've been coasting.",#confucius #wisdom #selfimprovement #discipline #growthmindset,A-parchment,,2026-07-20_s3
2026-07-21,1,8:00 AM PT,A,reel,"Progress is yours, one basket of effort at a time.",Analects 9:18,"Confucius on discipline (2,500 years early).",2-modern-problem,"You look at the whole mountain and freeze. Don't. It's one basket of effort at a time, and the progress is yours either way. Stop measuring the summit and move the next load. Save this for the goal that feels too big today.",#confucius #wisdom #selfimprovement #discipline #growthmindset,A-parchment,,2026-07-21_s1
2026-07-21,2,12:00 PM PT,A,reel,"To a person of character, doing right is the whole point.",Analects 15:17,Everything you're told about character is wrong.,3-contrarian,"You keep asking what doing the right thing gets you. For the people you actually admire, that's the wrong question. Doing right is the point, not the down payment on a reward. Save this if you're tired of keeping score.",#confucius #wisdom #selfimprovement #mindset #stoicism,B-ink,,2026-07-21_s2
2026-07-21,3,6:00 PM PT,A,reel,"You can take an army's general, but not an ordinary person's will.",Analects 9:25,The line from Confucius I wish I heard sooner.,4-cliffhanger,"Someone can take your title, your role, even your money. What they can't take is your will unless you hand it over. That's the one thing fully yours. Save this for the week something tries to break it.",#confucius #wisdom #stillness #mindfulness #wisdomquotes,A-parchment,,2026-07-21_s3
2026-07-22,1,8:00 AM PT,A,reel,The noble mind weighs what's right; the petty mind weighs the payout.,Analects 4:16,"Confucius on character (2,500 years early).",2-modern-problem,"Every real decision quietly asks you the same thing: what's right, or what pays. You can feel which one you reach for first. That reflex becomes your character over time, one call at a time. Which one did you reach for today?",#confucius #wisdom #selfimprovement #mindset #stoicism,A-parchment,,2026-07-22_s1
2026-07-22,2,12:00 PM PT,A,reel,Stop learning and you'll have nothing left to say.,Analects 16:13,Everything you're told about discipline is wrong.,3-contrarian,You coast on what you already know and wonder why your thinking feels stale. Input dries up and so does everything you bring to a room. The day you stop learning is the day you start repeating yourself. Save this if you've been running on empty.,#confucius #wisdom #selfimprovement #discipline #growthmindset,B-ink,,2026-07-22_s2
2026-07-22,3,6:00 PM PT,A,reel,"Success rests on preparation. Without it, failure is almost certain.",Attributed to Confucius,The line from Confucius I wish I heard sooner.,4-cliffhanger,You want the win but you keep skipping the boring part that actually earns it. The work nobody sees is the work that decides it. Prep isn't the thing before the thing. It is the thing. Save this before your next big swing.,#confucius #wisdom #selfimprovement #discipline #growthmindset,A-parchment,,2026-07-22_s3
2026-07-23,1,8:00 AM PT,C,carousel,,Analects / Attributed,Confucius on why you keep blowing up your own plans.,1-callout,For anyone whose big plans keep dying to small moods. Confucius warned that impatience over little things wrecks the big ones. Swipe for the 3 leaks. Save and guard the small moments.,#confucius #wisdom #selfcontrol #discipline #mindset,parchment,06,carousel_06
2026-07-23,2,12:00 PM PT,C,carousel,,Analects / Attributed,Confucius on why your side project keeps stalling.,1-callout,"For the side project that keeps stalling out. Confucius: if comfort is the goal, you are not serious about the craft. Swipe. Save this the next time the couch wins. What are you building?",#confucius #wisdom #discipline #sidehustle #motivation,parchment,08,carousel_08
2026-07-23,3,6:00 PM PT,C,carousel,,Analects / Attributed,Confucius on the three friends worth keeping.,1-callout,"Three friends worth keeping, according to Confucius: the honest one, the sincere one, the wise one. Swipe to see why. Tag the friend who is all three.",#confucius #wisdom #friendship #relationships #selfimprovement,parchment,09,carousel_09
2026-07-24,1,8:00 AM PT,A,reel,The wise know when to speak and when to stay quiet.,Analects 15:7,"Confucius on people (2,500 years early).",2-modern-problem,You either fill every silence or hold back the one thing worth saying. Both cost you. Reading the moment is the whole skill nobody teaches. Say the right thing at the wrong time and it still lands wrong. When did staying quiet serve you better?,#confucius #wisdom #relationships #selfimprovement #mindset,A-parchment,,2026-07-24_s1
2026-07-24,2,12:00 PM PT,A,reel,Some start but never bloom; some bloom but never bear fruit.,Analects 9:21,Everything you're told about discipline is wrong.,3-contrarian,"You start strong then stall, or you peak once and never turn it into anything. Starting was never the hard part. Finishing is where almost everyone quietly drops off. Which stage are you actually stuck at?",#confucius #wisdom #selfimprovement #discipline #growthmindset,B-ink,,2026-07-24_s2
2026-07-24,3,6:00 PM PT,A,reel,Don’t do to others what you wouldn’t want done to you.,Analects 15:24,The line from Confucius I wish I heard sooner.,4-cliffhanger,"You know exactly how you'd hate to be treated, then you do it to someone else the second you're stressed. The rule is simple. Living it is the test. Run your next move through that one filter. Send this to someone who needs the reminder.",#confucius #wisdom #selfimprovement #mindset #stoicism,A-parchment,,2026-07-24_s3
2026-07-25,1,8:00 AM PT,A,reel,Real knowledge is knowing what you know and what you don’t.,Analects 2:17,Why do smart people stay stuck?,5-direct-question,"You fake certainty to look sharp, and it quietly boxes you in. The sharpest people in the room are the ones who can say I don't know without flinching. Owning the gap is where the learning starts. Save this if you've been pretending to have it all figured out.",#confucius #wisdom #selfimprovement #discipline #growthmindset,A-parchment,,2026-07-25_s1
2026-07-25,2,12:00 PM PT,A,reel,"If you only learn but never think, you’ll be lost; if you only think but never learn, you’re at risk.",Analects 2:15,3 Confucius truths about discipline.,6-number-list,"You hoard information and never sit with it, or you spin in your head with nothing new going in. Both leave you stuck. Input and reflection only work as a pair. Which half have you been skipping?",#confucius #wisdom #selfimprovement #discipline #growthmindset,B-ink,,2026-07-25_s2
2026-07-25,3,6:00 PM PT,A,reel,A person of character never takes even a meal off from doing right.,Analects 4:5,"If you feel behind, read this.",1-callout,"You're solid when it's easy, then you cut one corner the second it costs you something. Character isn't a setting you flip on for the big moments. It's the small ones nobody is watching. Save this as a gut check for the week.",#confucius #wisdom #selfimprovement #mindset #stoicism,A-parchment,,2026-07-25_s3
2026-07-26,1,8:00 AM PT,A,reel,Money won the wrong way means nothing to me.,Analects 7:15,"Confucius on character (2,500 years early).",2-modern-problem,"You watch someone cut corners and pull ahead and it stings. But a win you'd have to lie to keep isn't a win, it's a debt. What you trade to get it is the real price. Save this the next time the shortcut looks tempting.",#confucius #wisdom #selfimprovement #mindset #stoicism,A-parchment,,2026-07-26_s1
2026-07-26,2,12:00 PM PT,A,reel,Fix yourself first and leading others becomes easy.,Analects 13:13,Everything you're told about leading is wrong.,3-contrarian,"You keep trying to manage everyone else while the mess quietly starts with you. People don't follow your words, they follow your example. Sort your own house and the rest gets easier. Where do you need to lead yourself first?",#confucius #wisdom #leadership #discipline #mindset,B-ink,,2026-07-26_s2
2026-07-26,3,6:00 PM PT,A,reel,Your real greatness isn't in never falling. It's in always getting back up.,Attributed to Confucius,The line from Confucius I wish I heard sooner.,4-cliffhanger,You treat every stumble like proof you weren't cut out for it. Everyone falls. The only thing that separates people is how fast they get back up. The comeback is the whole story. Save this for the next time you go down.,#confucius #wisdom #selfimprovement #discipline #growthmindset,A-parchment,,2026-07-26_s3
2026-07-27,1,8:00 AM PT,A,reel,Advice is worthless unless it actually changes how you act.,Analects 9:23,Why do smart people stay stuck?,5-direct-question,You collect advice like saving it is the same as doing it. It isn't. A truth you nod at and forget did nothing for you. The only insight that counts is the one that changes your next move. What's one thing you'll actually do differently?,#confucius #wisdom #selfimprovement #discipline #growthmindset,A-parchment,,2026-07-27_s1
2026-07-27,2,12:00 PM PT,A,reel,There is nothing admirable about announcing other people's faults.,Analects 17:24,3 Confucius truths about people.,6-number-list,You point out their flaws and tell yourself you're just being honest. You're not. Tearing someone down says more about you than about them. Real strength stays quiet about other people's cracks. Save this before your next vent session.,#confucius #wisdom #relationships #selfimprovement #mindset,B-ink,,2026-07-27_s2
2026-07-27,3,6:00 PM PT,A,reel,"Doing right is your job, not someone else's.",Analects 15:35,"If you feel behind, read this.",1-callout,You wait to see if anyone else steps up before you do the right thing. That's how nothing gets done. The standard is yours to hold whether or not the room joins you. Stop outsourcing your conscience. Save this if you've been waiting for permission.,#confucius #wisdom #selfimprovement #mindset #stoicism,A-parchment,,2026-07-27_s3
2026-07-28,1,8:00 AM PT,A,reel,Care that every word you say is honest.,Analects 16:10,"Confucius on people (2,500 years early).",2-modern-problem,"You round things up, soften the truth, tell the small lie that keeps the peace. It adds up. People decide who they can trust by the little words, not the big speeches. Honesty is a habit built one sentence at a time. Who trusts your word completely?",#confucius #wisdom #relationships #selfimprovement #mindset,A-parchment,,2026-07-28_s1
2026-07-28,2,12:00 PM PT,A,reel,Hold to your values when rushed and when in danger.,Analects 4:5,Everything you're told about character is wrong.,3-contrarian,"Anyone can hold the line on a calm day. The real test is the moment you're cornered, rushed, scared, and the easy way out is right there. That's when who you are actually shows. Save this for the pressure you know is coming.",#confucius #wisdom #selfimprovement #mindset #stoicism,B-ink,,2026-07-28_s2
2026-07-28,3,6:00 PM PT,A,reel,"We're built to be honest. Live crooked and survive, you just got lucky.",Analects 6:17,The line from Confucius I wish I heard sooner.,4-cliffhanger,"You see people bend the truth and get away with it, and you start to wonder why you bother. Getting away with it isn't the same as it working. That's luck borrowed against a bill that always comes due. Save this when honesty feels like the losing move.",#confucius #wisdom #selfimprovement #mindset #stoicism,A-parchment,,2026-07-28_s3
2026-07-29,1,8:00 AM PT,A,reel,"Everyone around you is a teacher: copy the good, drop the bad.",Analects 7:22,"Confucius on discipline (2,500 years early).",2-modern-problem,The people around you are already showing you what to do and what to avoid. Watch closely enough and the sharp coworker and the messy one are both teaching the same lesson. Who around you are you learning the wrong things from? Save this for your next people-watching moment.,#confucius #wisdom #selfimprovement #discipline #growthmindset,A-parchment,,2026-07-29_s1
2026-07-29,2,12:00 PM PT,A,reel,Want to do the work well? Sharpen your tools before you start.,Analects 15:9,Everything you're told about discipline is wrong.,3-contrarian,"You keep grinding and wonder why the output is rough. Half the time the fix isn't more effort, it's better prep before you touch the work. Sharpen first, then start. What's the tool you keep skipping the sharpening on? Send this to the friend who works hard the hard way.",#confucius #wisdom #selfimprovement #discipline #growthmindset,B-ink,,2026-07-29_s2
2026-07-29,3,6:00 PM PT,A,reel,Point your will at what you're actually here to do.,Analects 7:6,The line from Confucius I wish I heard sooner.,4-cliffhanger,You're busy but you can't say what you're actually building toward. Motion without a direction just tires you out. Point your will at the one thing that's actually yours to do. What would you aim at if you stopped drifting? Save it.,#confucius #wisdom #selfimprovement #discipline #growthmindset,A-parchment,,2026-07-29_s3
2026-07-30,1,8:00 AM PT,C,carousel,,Analects / Attributed,3 Confucius truths about slow progress.,6-number-list,"For a discouraging day when nothing feels like it is moving. Confucius: progress is yours, one basket of effort at a time. Swipe. Save this for the next time you want to quit.",#confucius #wisdom #motivation #consistency #discipline,parchment,10,carousel_10
2026-07-30,2,12:00 PM PT,C,carousel,,Analects / Attributed,Confucius on finding the thing that makes time disappear.,1-callout,For anyone still looking for the work that makes time disappear. Confucius described getting so absorbed you forget to eat. Swipe. Save this until you find yours.,#confucius #wisdom #purpose #motivation #mindset,parchment,11,carousel_11
2026-07-30,3,6:00 PM PT,C,carousel,,Analects / Attributed,Confucius on how to trust people without being naive.,1-callout,"For the gut feeling you keep talking yourself out of. Confucius: do not expect deceit, but catch it the moment it shows. Swipe for the middle path between naive and paranoid. Save this one.",#confucius #wisdom #trust #relationships #stoicism,parchment,12,carousel_12
2026-07-31,1,8:00 AM PT,A,reel,"The thing that should bother you is the gap in your own skill, nothing else.",Analects 14:30,"Confucius on discipline (2,500 years early).",2-modern-problem,You lie awake replaying what someone thinks of you. Almost none of it is worth the rent it charges. The only gap worth losing sleep over is the one in your own skill. What would you build if other people's opinions went quiet? Save this for the 2am spiral.,#confucius #wisdom #selfimprovement #discipline #growthmindset,A-parchment,,2026-07-31_s1
2026-07-31,2,12:00 PM PT,A,reel,Skip thinking about the long game and trouble shows up on your doorstep soon.,Analects 15:12,Everything you're told about character is wrong.,3-contrarian,"You keep putting off the thing that only matters later, and then later arrives early. Skip the long view and the trouble just moves in closer. Think past this week. What are you not thinking about far enough ahead? Send this to your future self.",#confucius #wisdom #selfimprovement #mindset #stoicism,B-ink,,2026-07-31_s2
2026-07-31,3,6:00 PM PT,A,reel,Care more about the work than the reward. That's character.,Analects 6:20,The line from Confucius I wish I heard sooner.,4-cliffhanger,You did the work and still felt empty when the reward was smaller than you hoped. Maybe the reward was never the point. Care about the work more than the prize and the prize stops running your mood. What would you still do if no one clapped? Save it.,#confucius #wisdom #selfimprovement #mindset #stoicism,A-parchment,,2026-07-31_s3
2026-08-01,1,8:00 AM PT,A,reel,See a payday and ask if it's right. See real danger and hold your ground anyway.,Analects 14:12,Why do smart people stay stuck?,5-direct-question,"There's a version of you that sees a payday and never asks if it's clean. And a version that holds the line even when it costs. Both live in you. See gain, ask if it's right. See danger, stand anyway. Which one showed up last time it mattered? Save this.",#confucius #wisdom #stillness #mindfulness #wisdomquotes,A-parchment,,2026-08-01_s1
2026-08-01,2,12:00 PM PT,A,reel,Only someone grounded can love the right things and reject the right things cleanly.,Analects 4:3,3 Confucius truths about people.,6-number-list,You've been burned by someone who liked everyone and stood for nothing. Real warmth can also say no. Only someone grounded can love the right things and reject the wrong ones cleanly. Do you know the difference between kind and just agreeable? Send this to someone who does.,#confucius #wisdom #relationships #selfimprovement #mindset,B-ink,,2026-08-01_s2
2026-08-01,3,6:00 PM PT,A,reel,Even how someone fails tells you what kind of person they are.,Analects 4:7,"If you feel behind, read this.",1-callout,"You judge people by their wins, but their failures tell you more. How someone loses shows you what they're made of. Watch the fault, not just the highlight reel. Whose failures have quietly earned your respect? Save this one.",#confucius #wisdom #stillness #mindfulness #wisdomquotes,A-parchment,,2026-08-01_s3
2026-08-02,1,8:00 AM PT,A,reel,Being real is the goal. Working at being real is the daily job.,Analects 14:35,"Confucius on character (2,500 years early).",2-modern-problem,"You want to be the real thing, but nobody tells you it's daily work, not a personality trait. Being sincere isn't something you are once. It's something you practice every morning. Where are you performing instead of meaning it? Save this for tomorrow.",#confucius #wisdom #selfimprovement #mindset #stoicism,A-parchment,,2026-08-02_s1
2026-08-02,2,12:00 PM PT,A,reel,"Good leadership, held long enough, can turn even the worst around.",Analects 13:11,Everything you're told about leading is wrong.,3-contrarian,"You've written someone off as too far gone to change. Given enough steady leadership, even the hardest cases turn. Change is slow, not impossible. Who did you give up on too early? Save this and sit with it.",#confucius #wisdom #leadership #discipline #mindset,B-ink,,2026-08-02_s2
2026-08-02,3,6:00 PM PT,A,reel,"When the ones in charge respect the rules, people follow without being forced.",Analects 14:41,The line from Confucius I wish I heard sooner.,4-cliffhanger,"You've seen a boss demand rules they break themselves, and watched the whole team stop caring. Respect the standard first and people follow without being pushed. When did you last follow someone because they actually walked it? Send this to a leader you respect.",#confucius #wisdom #leadership #discipline #mindset,A-parchment,,2026-08-02_s3
2026-08-03,1,8:00 AM PT,A,reel,Keep your mind on what's actually yours to handle.,Analects 14:28,Why do smart people stay stuck?,5-direct-question,Your head is full of other people's problems and decisions that aren't yours. Most of that noise isn't your job to carry. Keep your mind on what's actually in your lane. What are you renting headspace to that belongs to someone else? Save this.,#confucius #wisdom #stillness #mindfulness #wisdomquotes,A-parchment,,2026-08-03_s1
2026-08-03,2,12:00 PM PT,A,reel,You can't read people until you can read what their words are really doing.,Analects 20:3,3 Confucius truths about overthinking.,6-number-list,"You take people at their words and keep getting surprised. Words do more than they say, and reading that is how you read people. Listen to what the sentence is really doing. Who have you misjudged by taking them literally? Save it for your next hard conversation.",#confucius #wisdom #stillness #mindfulness #wisdomquotes,B-ink,,2026-08-03_s2
2026-08-03,3,6:00 PM PT,A,reel,Steady people don't spend their days blaming the world or everyone in it.,Analects 14:37,"If you feel behind, read this.",1-callout,"You catch yourself blaming the world, the timing, everyone. It feels productive and changes nothing. Steady people don't spend their days keeping score against life. What would shift if you dropped the grudge? Send this to someone stuck in the blame loop.",#confucius #wisdom #relationships #selfimprovement #mindset,A-parchment,,2026-08-03_s3
2026-08-04,1,8:00 AM PT,A,reel,Point yourself at learning early. Give it years before you expect to stand firm.,Analects 2:4,"Confucius on discipline (2,500 years early).",2-modern-problem,You wanted to be sorted by now and you're annoyed you're not. Confucius gave learning fifteen years before he stood firm. Point yourself early and let it take the time it takes. What are you rushing that just needs more reps? Save this for the impatient days.,#confucius #wisdom #selfimprovement #discipline #growthmindset,A-parchment,,2026-08-04_s1
2026-08-04,2,12:00 PM PT,A,reel,"Say you know when you know, and say you don't when you don't. That's clarity.",Analects 20:2,Everything you're told about overthinking is wrong.,3-contrarian,You dress up a guess as certainty and hope no one checks. Real clarity is saying you know when you do and you don't when you don't. That's the whole flex. Where are you faking sure? Send this to someone who fakes it well.,#confucius #wisdom #stillness #mindfulness #wisdomquotes,B-ink,,2026-08-04_s2
2026-08-04,3,6:00 PM PT,A,reel,You learn so you can actually live up to what you believe.,Analects 19:7,The line from Confucius I wish I heard sooner.,4-cliffhanger,"You collect knowledge and never use it, so it just sits there. Learning is supposed to close the gap between what you believe and how you live. Study so you can actually become it. What do you know but don't yet do? Save this.",#confucius #wisdom #selfimprovement #discipline #growthmindset,A-parchment,,2026-08-04_s3
2026-08-05,1,8:00 AM PT,A,reel,"A wise person worries about improving themselves, not about being recognized.",Analects 15:19,Why do smart people stay stuck?,5-direct-question,You keep checking who noticed and it quietly runs your whole week. The people who actually get somewhere are too busy getting better to track the credit. Worry about the skill and let the recognition lag. Why do smart people stay stuck chasing it? Save this.,#confucius #wisdom #selfimprovement #mindset #stoicism,A-parchment,,2026-08-05_s1
2026-08-05,2,12:00 PM PT,A,reel,"The best friends are honest, sincere, and wise.",Analects 16:4,3 Confucius truths about people.,6-number-list,"You have a lot of people around you and almost nobody you would call at 2am. Confucius kept the list to three filters: honest, sincere, wise. Most contacts fail all three and that is fine, you only need a few. Who in your phone passes? Send it to them.",#confucius #wisdom #relationships #selfimprovement #mindset,B-ink,,2026-08-05_s2
2026-08-05,3,6:00 PM PT,A,reel,Hard times reveal who stays standing.,Analects 9:27,"If you feel behind, read this.",1-callout,You look steady right now because nothing has tested you lately. Pressure is the only honest audit of what you actually built. When it lands you find out fast what was real and what was posture. Save this for the week that tests you.,#confucius #wisdom #stillness #mindfulness #wisdomquotes,A-parchment,,2026-08-05_s3
2026-08-06,1,8:00 AM PT,A,reel,Lead by example and you barely need to give orders.,Analects 13:6,"Confucius on leading (2,500 years early).",2-modern-problem,"You repeat yourself in every meeting and wonder why nothing moves. People copy what you do, not what you announce. Do the thing in front of them and half the instructions stop being necessary. What are you asking for that you don't model?",#confucius #wisdom #leadership #discipline #mindset,A-parchment,,2026-08-06_s1
2026-08-06,2,12:00 PM PT,A,reel,Rush the work and you'll do it poorly.,Analects 13:17,Everything you're told about discipline is wrong.,3-contrarian,Speed feels like progress so you ship fast and then fix forever. The rushed version costs more hours than the careful one ever would. Slow is not the opposite of productive. Where are you moving fast to avoid thinking? Save this.,#confucius #wisdom #selfimprovement #discipline #growthmindset,B-ink,,2026-08-06_s2
2026-08-06,3,6:00 PM PT,A,reel,"You haven't run out of strength, you've drawn your own limit.",Analects 6:10,The line from Confucius I wish I heard sooner.,4-cliffhanger,"You told yourself you gave it everything and stopped. Most of the time the wall was a line you drew, not one you hit. The tank still had something in it. Save this for the next time you decide you're done.",#confucius #wisdom #selfimprovement #discipline #growthmindset,A-parchment,,2026-08-06_s3
2026-08-07,1,8:00 AM PT,A,reel,"Demand more from yourself and less from others, and resentment stays away.",Analects 15:14,Why do smart people stay stuck?,5-direct-question,You are quietly furious at people who never agreed to your standards. Raise the bar on yourself and lower it on everyone else and the resentment has nowhere to live. Most bitterness is a bill you sent that nobody received. Who are you holding to a rule you never said out loud? Save this.,#confucius #wisdom #selfimprovement #mindset #stoicism,A-parchment,,2026-08-07_s1
2026-08-07,2,12:00 PM PT,A,reel,Big people chase character; small people chase comfort.,Analects 4:11,3 Confucius truths about character.,6-number-list,"Every day hands you the same fork and it never looks dramatic. One road builds who you are, the other just makes today easier. You pick without noticing, over and over, and that becomes the whole story. Which one did you take this morning?",#confucius #wisdom #selfimprovement #mindset #stoicism,B-ink,,2026-08-07_s2
2026-08-07,3,6:00 PM PT,A,reel,The real flaw is refusing to fix your flaws.,Analects 15:29,"If you feel behind, read this.",1-callout,You know exactly what your weak spot is and you have made peace with it. That peace is the actual problem. Having a flaw is normal. Defending it is a choice. Save this if you have been calling a habit a personality.,#confucius #wisdom #selfimprovement #mindset #stoicism,A-parchment,,2026-08-07_s3
2026-08-08,1,8:00 AM PT,A,reel,"When opportunity for profit appears, ask if it's right first.",Analects 16:10,"Confucius on character (2,500 years early).",2-modern-problem,"The money shows up and the question of whether you should never gets asked. That gap is where most people lose themselves quietly, one reasonable yes at a time. Run it through the first filter before the second. What did you agree to without asking? Save this.",#confucius #wisdom #selfimprovement #mindset #stoicism,A-parchment,,2026-08-08_s1
2026-08-08,2,12:00 PM PT,A,reel,"Don't trust someone just for talking well, or dismiss good ideas just for who said them.",Analects 15:22,Everything you're told about people is wrong.,3-contrarian,"You believe the polished one and wave off the awkward one, and you get it wrong in both directions. A smooth delivery is not evidence. A messenger you dislike does not make the point false. Where have you judged the person instead of the idea?",#confucius #wisdom #relationships #selfimprovement #mindset,B-ink,,2026-08-08_s2
2026-08-08,3,6:00 PM PT,A,reel,Overdoing it is as bad as not doing enough.,Analects 11:15,The line from Confucius I wish I heard sooner.,4-cliffhanger,"You assume more is always the safer error, so you push well past useful. Too much and too little land in the same place. The whole skill is knowing where enough sits. Save this if you have been grinding past the point of return.",#confucius #wisdom #stillness #mindfulness #wisdomquotes,A-parchment,,2026-08-08_s3
2026-08-09,1,8:00 AM PT,A,reel,Don't worry about not having the position. Worry about being ready for it.,Analects 4:14,Why do smart people stay stuck?,5-direct-question,"You are frustrated the title has not come and you are not actually ready for it yet. Stop lobbying and start deserving, because the room can tell the difference. Readiness is louder than campaigning. Why do smart people stay stuck waiting? Save this.",#confucius #wisdom #selfimprovement #mindset #stoicism,A-parchment,,2026-08-09_s1
2026-08-09,2,12:00 PM PT,A,reel,"Watch what people do and why, and they can't hide who they are.",Analects 2:10,3 Confucius truths about people.,6-number-list,"You get fooled by people because you only ever look at one layer. Watch the action, then the motive, then what they settle into when nobody is watching. Three passes and almost nobody stays hidden. Who are you still guessing about?",#confucius #wisdom #relationships #selfimprovement #mindset,B-ink,,2026-08-09_s2
2026-08-09,3,6:00 PM PT,A,reel,"Chase getting it right, not getting comfortable. The rest sorts itself.",Analects 15:32,"If you feel behind, read this.",1-callout,You optimize for a soft week and wonder why nothing compounds. Aim at doing it right and comfort tends to find you eventually. Aim at comfort and you get neither. Save this if you have been choosing easy.,#confucius #wisdom #stillness #mindfulness #wisdomquotes,A-parchment,,2026-08-09_s3
2026-08-10,1,8:00 AM PT,A,reel,Being blunt without manners turns into rudeness.,Analects 8:2,"Confucius on people (2,500 years early).",2-modern-problem,You call it being direct and people keep leaving the conversation smaller than they came in. Honesty without care is just permission you gave yourself. The true thing lands better when it is carried properly. Who did you flatten this week while calling it honesty?,#confucius #wisdom #relationships #selfimprovement #mindset,A-parchment,,2026-08-10_s1
2026-08-10,2,12:00 PM PT,A,reel,"Hearing makes you forget, seeing helps you remember, doing makes you understand.",Attributed to Confucius,Everything you're told about discipline is wrong.,3-contrarian,"You consume advice all day and call it learning. Hearing fades, watching helps a little, doing is the only one that sticks. Every insight you never applied taught you nothing. What have you been studying instead of starting? Save this.",#confucius #wisdom #selfimprovement #discipline #growthmindset,B-ink,,2026-08-10_s2
2026-08-10,3,6:00 PM PT,A,reel,Faking strength while hiding weakness is just a thief in disguise.,Analects 17:12,The line from Confucius I wish I heard sooner.,4-cliffhanger,You perform certainty in rooms where you feel none of it. That performance costs more to maintain than the admission ever would. People smell borrowed confidence eventually. Save this if you have been holding a front.,#confucius #wisdom #selfimprovement #mindset #stoicism,A-parchment,,2026-08-10_s3
2026-08-11,1,8:00 AM PT,A,reel,Say less when you're not sure your actions can back it up.,Analects 4:22,Why do smart people stay stuck?,5-direct-question,You announce the plan and the announcement quietly becomes the accomplishment. Talking about it spends the same fuel that was supposed to go into doing it. Keep it quiet until it exists. Why do smart people stay stuck at the announcement? Save this.,#confucius #wisdom #selfimprovement #mindset #stoicism,A-parchment,,2026-08-11_s1
2026-08-11,2,12:00 PM PT,A,reel,"When you feel anger rising, pause and think about the outcome.",Analects 12:21,3 Confucius truths about overthinking.,6-number-list,You react in the moment and then spend three days cleaning it up. One pause between the feeling and the sentence changes the entire week. Picture the aftermath before you open your mouth. What would that pause have saved you last time?,#confucius #wisdom #stillness #mindfulness #wisdomquotes,B-ink,,2026-08-11_s2
2026-08-11,3,6:00 PM PT,A,reel,One basket from finished and you quit? That's on you.,Analects 9:18,"If you feel behind, read this.",1-callout,You stopped one step from done and told yourself it was not meant to be. The distance left was tiny and the story you built around it was enormous. Nobody took it from you. Save this for the thing you are about to abandon.,#confucius #wisdom #selfimprovement #discipline #growthmindset,A-parchment,,2026-08-11_s3
2026-08-12,1,8:00 AM PT,A,reel,"Absorb quietly, never stop learning, teach without tiring.",Analects 7:2,"Confucius on discipline (2,500 years early).",2-modern-problem,"You want the recognition before the reps and it shows in the work. Take it in quietly, keep going long after it stops being interesting, then hand it on without needing credit. That loop is the entire method. What are you trying to skip? Save this.",#confucius #wisdom #selfimprovement #discipline #growthmindset,A-parchment,,2026-08-12_s1
2026-08-12,2,12:00 PM PT,A,reel,Real love is willing to be strict.,Analects 14:8,Everything you're told about people is wrong.,3-contrarian,You think caring about someone means never making them uncomfortable. Soft agreement is the cheapest thing you can hand a person. The ones who told you the hard thing are the ones who actually showed up. Who needs your honesty more than your approval?,#confucius #wisdom #relationships #selfimprovement #mindset,B-ink,,2026-08-12_s2
2026-08-12,3,6:00 PM PT,A,reel,"Look inside, find nothing wrong, and there's nothing to fear.",Analects 12:4,The line from Confucius I wish I heard sooner.,4-cliffhanger,You carry a low hum of dread you cannot quite name. Usually it traces back to something you did that you have not squared with yourself. Clean the inside and the fear runs out of fuel. Save this for the thing you keep not thinking about.,#confucius #wisdom #selfimprovement #mindset #stoicism,A-parchment,,2026-08-12_s3
2026-08-13,1,8:00 AM PT,A,reel,The strong look inward; the weak look around.,Analects 15:20,Why do smart people stay stuck?,5-direct-question,Your first instinct when something breaks is to find who caused it. That reflex feels like accountability and produces nothing. Turn the same attention on your own part in it. Why do smart people stay stuck blaming? Save this.,#confucius #wisdom #selfimprovement #mindset #stoicism,A-parchment,,2026-08-13_s1
2026-08-13,2,12:00 PM PT,A,reel,"Avoid friends who are all show, all flattery, all talk.",Analects 16:4,3 Confucius truths about people.,6-number-list,"Three kinds of people cost you slowly: the one performing, the one always agreeing, the one who only talks. None of them will tell you the truth when it actually matters. Audit the circle honestly. Which of the three has been closest lately?",#confucius #wisdom #relationships #selfimprovement #mindset,B-ink,,2026-08-13_s2
2026-08-13,3,6:00 PM PT,A,reel,Everyone gets squeezed. Whether you keep your standards through it is the tell.,Analects 15:2,"If you feel behind, read this.",1-callout,"You treat hard times as an exception, like normal service resumes after. Everyone gets the squeeze. The only real variable is what you are still willing to do while it lasts. Save this for the pressure that is coming.",#confucius #wisdom #selfimprovement #mindset #stoicism,A-parchment,,2026-08-13_s3
2026-08-14,1,8:00 AM PT,A,reel,Lose people's trust and you lose everything.,Analects 12:7,"Confucius on leading (2,500 years early).",2-modern-problem,"You can carry a team through a bad quarter, a bad product, almost anything. You cannot carry them once they stop believing what you say. Trust is the one line item with no substitute. Where have you spent trust you did not replace?",#confucius #wisdom #leadership #discipline #mindset,A-parchment,,2026-08-14_s1
2026-08-14,2,12:00 PM PT,A,reel,A noble person is easy to work for but hard to truly satisfy.,Analects 13:25,Everything you're told about leading is wrong.,3-contrarian,"You think a good boss is either the demanding one or the easy one, and it is neither. Be simple to work with and genuinely hard to impress. Most people get that exactly backwards and wonder why nobody grows. Which half are you missing? Save this.",#confucius #wisdom #leadership #discipline #mindset,B-ink,,2026-08-14_s2
2026-08-14,3,6:00 PM PT,A,reel,Rare is the person who sees their own faults and owns them.,Analects 5:26,The line from Confucius I wish I heard sooner.,4-cliffhanger,"You can list everyone else's blind spots in about nine seconds. Your own take years, and usually someone else has to say it out loud first. The rare skill is catching it yourself. Save this and try naming one.",#confucius #wisdom #selfimprovement #mindset #stoicism,A-parchment,,2026-08-14_s3
2026-08-15,1,8:00 AM PT,A,reel,Fix the greed at the top and the stealing below stops.,Analects 12:18,Why do smart people stay stuck?,5-direct-question,You keep patching behavior at the bottom of the org and it keeps growing back. People copy whatever gets rewarded above them. The leak is almost never where the mess shows up. Why do good teams quietly rot? Save this.,#confucius #wisdom #leadership #discipline #mindset,A-parchment,,2026-08-15_s1
2026-08-15,2,12:00 PM PT,A,reel,"Kill the ego, the bragging, the grudges, and the greed.",Analects 14:2,3 Confucius truths about character.,6-number-list,"Four things quietly drive most of your bad decisions: needing to be right, needing to be seen, needing to be owed, needing more. Cut them and most of the noise goes with them. Which one has the loudest grip on you?",#confucius #wisdom #selfimprovement #mindset #stoicism,B-ink,,2026-08-15_s2
2026-08-15,3,6:00 PM PT,A,reel,Getting rich in a corrupt system is nothing to be proud of.,Analects 8:13,"If you feel behind, read this.",1-callout,You watch someone win inside a rigged game and quietly wonder if you are the fool for playing straight. The scoreboard does not know how the points were earned. You would. Save this the next time the shortcut looks like success.,#confucius #wisdom #selfimprovement #mindset #stoicism,A-parchment,,2026-08-15_s3
2026-08-16,1,8:00 AM PT,A,reel,"Carry a heavy load on a long road, so build a strong mind.",Analects 8:7,"Confucius on discipline (2,500 years early).",2-modern-problem,"You keep training for a sprint and the thing you signed up for runs a decade. The weight does not get lighter, you get built for it. Prepare the mind, not just the plan. What are you carrying that needs a stronger you? Save this.",#confucius #wisdom #selfimprovement #discipline #growthmindset,A-parchment,,2026-08-16_s1
2026-08-16,2,12:00 PM PT,A,reel,Don't trust the crowd's love or its hate. Look for yourself.,Analects 15:27,Everything you're told about overthinking is wrong.,3-contrarian,You outsource your read on people to whatever the room already decided. Consensus is fast and frequently wrong in both directions. Go look for yourself before you sign on. Who have you written off on someone else's word?,#confucius #wisdom #stillness #mindfulness #wisdomquotes,B-ink,,2026-08-16_s2
2026-08-16,3,6:00 PM PT,A,reel,Sincerity is the true path of the heavens.,Analects 1:12,The line from Confucius I wish I heard sooner.,4-cliffhanger,You have gotten good at saying the right thing and it has started to feel hollow. Polish without meaning underneath is exhausting to keep up. The unglamorous move is just meaning it. Save this and drop one performance this week.,#confucius #wisdom #selfimprovement #mindset #stoicism,A-parchment,,2026-08-16_s3
2026-08-17,1,8:00 AM PT,A,reel,"Master yourself first, then you can serve everyone.",Analects 14:45,Why do smart people stay stuck?,5-direct-question,"You are trying to hold a team together while your own week is chaos. It shows in every decision you make tired. Sort your own operating system first, then scale it outward. Why do capable people burn out fast? Save this.",#confucius #wisdom #leadership #discipline #mindset,A-parchment,,2026-08-17_s1
2026-08-17,2,12:00 PM PT,A,reel,"Delegate, forgive small mistakes, and promote talent.",Analects 13:2,3 Confucius truths about leading.,6-number-list,"Three moves separate the people who scale from the people who drown: hand it off, let small errors go, push the good ones up. Most people do the opposite of all three and call it high standards. Which one are you refusing to do?",#confucius #wisdom #leadership #discipline #mindset,B-ink,,2026-08-17_s2
2026-08-17,3,6:00 PM PT,A,reel,"Good people slip sometimes, but a small soul is never truly good.",Analects 14:7,"If you feel behind, read this.",1-callout,You treat one bad week as proof you were never the person you thought you were. A slip is not a verdict. The difference is whether it is a moment or a pattern. Save this if you have been writing yourself off.,#confucius #wisdom #selfimprovement #mindset #stoicism,A-parchment,,2026-08-17_s3
2026-08-18,1,8:00 AM PT,A,reel,Nag a friend constantly and you'll only push them away.,Analects 4:26,"Confucius on people (2,500 years early).",2-modern-problem,"You say the same thing to them for the fifth time because you care. After the second it stops being help and starts being pressure. Say it once, say it well, then let them own it. Who have you been repeating yourself at?",#confucius #wisdom #relationships #selfimprovement #mindset,A-parchment,,2026-08-18_s1
2026-08-18,2,12:00 PM PT,A,reel,"Advise a friend honestly, but know when to stop.",Analects 12:23,Everything you're told about people is wrong.,3-contrarian,"You think loyalty means never dropping it until they finally agree with you. Honesty has a shelf life and past it you are protecting your own position, not them. Say the true thing, then stand down. Where do you not know when to stop? Save this.",#confucius #wisdom #relationships #selfimprovement #mindset,B-ink,,2026-08-18_s2
2026-08-18,3,6:00 PM PT,A,reel,Stay silent with someone worth talking to and you've failed them.,Analects 15:7,The line from Confucius I wish I heard sooner.,4-cliffhanger,You held the useful thing back because the timing felt awkward. That silence cost them something they will never know they missed. Some people are worth the discomfort. Send this to the person you owe a real conversation.,#confucius #wisdom #relationships #selfimprovement #mindset,A-parchment,,2026-08-18_s3
2026-08-19,1,8:00 AM PT,A,reel,"Without honesty, a person gets nowhere.",Analects 2:22,Why do smart people stay stuck?,5-direct-question,"You can be talented, connected, early, and still stall out if people cannot rely on what you say. Everything else compounds on top of that one thing. It is the floor, not a bonus feature. Why do talented people stall? Save this.",#confucius #wisdom #selfimprovement #mindset #stoicism,A-parchment,,2026-08-19_s1
2026-08-19,2,12:00 PM PT,A,reel,"Knowing beats nothing, loving beats knowing, delighting beats both.",Analects 6:18,3 Confucius truths about overthinking.,6-number-list,"There are three levels to anything you do. You know it, you love it, you lose track of time inside it. Most people stop at the first and then wonder why it always feels like work. Where are you on the thing you care about? Save it.",#confucius #wisdom #stillness #mindfulness #wisdomquotes,B-ink,,2026-08-19_s2
2026-08-19,3,6:00 PM PT,A,reel,Chase small gains and you'll miss the big ones.,Analects 13:17,"If you feel behind, read this.",1-callout,You keep taking the quick win because it is right there and easy to count. Every one of them borrows attention from the thing that actually matters. Small wins are the most respectable way to avoid the big one. Save this if you have been busy but not moving.,#confucius #wisdom #selfimprovement #discipline #growthmindset,A-parchment,,2026-08-19_s3
2026-08-20,1,8:00 AM PT,A,reel,Smooth talk and a charming face rarely come with real virtue.,Analects 1:3,"Confucius on character (2,500 years early).",2-modern-problem,"You keep getting won over by people who are pleasant and keep getting let down later. Charm is a skill, not a signal. Watch what happens the moment being nice to you stops being useful to them. Who have you been reading by their delivery?",#confucius #wisdom #selfimprovement #mindset #stoicism,A-parchment,,2026-08-20_s1
2026-08-20,2,12:00 PM PT,A,reel,"Do first, talk later, and let your words match your work.",Analects 2:13,Everything you're told about character is wrong.,3-contrarian,"You were taught to communicate the vision and build buy-in before anything exists. Do the thing, then describe it. The order matters far more than anyone tells you. What have you been explaining instead of building? Save this.",#confucius #wisdom #selfimprovement #mindset #stoicism,B-ink,,2026-08-20_s2
2026-08-20,3,6:00 PM PT,A,reel,Spreading every rumor you hear throws your character away.,Analects 17:14,The line from Confucius I wish I heard sooner.,4-cliffhanger,You pass the story along because it is interesting and you were not the one who started it. Every retelling spends a little of your own credibility. People quietly sort who carries information and who leaks it. Save this before your next group chat.,#confucius #wisdom #relationships #selfimprovement #mindset,A-parchment,,2026-08-20_s3
2026-08-21,1,8:00 AM PT,A,reel,"You can make people follow a path, but you can't force them to understand it.",Analects 8:9,Why do smart people stay stuck?,5-direct-question,"You have explained it four times and they still do not see why. Compliance is available on demand, understanding is not. Sometimes the job is walking it long enough that it clicks on its own. Why do smart teams miss the point? Save this.",#confucius #wisdom #leadership #discipline #mindset,A-parchment,,2026-08-21_s1
2026-08-21,2,12:00 PM PT,A,reel,"Stay firm, patient, simple, and humble, and you're close to good.",Analects 13:27,3 Confucius truths about character.,6-number-list,"Four unglamorous traits do most of the heavy lifting and not one of them trends. Firm, patient, plain, humble. Nobody builds a personal brand on that list and it is still the list. Which one is your weakest?",#confucius #wisdom #selfimprovement #mindset #stoicism,B-ink,,2026-08-21_s2
2026-08-21,3,6:00 PM PT,A,reel,Better to be imperfect and valuable than flawless and insignificant.,Attributed to Confucius,"If you feel behind, read this.",1-callout,You keep polishing the thing instead of releasing it and call that having standards. Useful and rough beats perfect and unseen every single time. Nobody benefits from the version still sitting on your desk. Save this and ship something.,#confucius #wisdom #selfimprovement #mindset #stoicism,A-parchment,,2026-08-21_s3
2026-08-22,1,8:00 AM PT,A,reel,Never be ashamed to learn from someone beneath you.,Analects 5:14,"Confucius on discipline (2,500 years early).",2-modern-problem,You will take the note from someone senior and ignore the exact same point from someone junior. Ego filters your inputs and you lose half the useful ones that way. The information does not care about the org chart. Who have you been discounting? Save this.,#confucius #wisdom #selfimprovement #discipline #growthmindset,A-parchment,,2026-08-22_s1
2026-08-22,2,12:00 PM PT,A,reel,A truly educated mind is not a single-use tool.,Analects 2:12,Everything you're told about overthinking is wrong.,3-contrarian,You were told to specialize until you are the only person who can do the one thing. That is a reliable way to become a tool somebody else picks up. Range is not a lack of focus. Where have you narrowed too far?,#confucius #wisdom #stillness #mindfulness #wisdomquotes,B-ink,,2026-08-22_s2
2026-08-22,3,6:00 PM PT,A,reel,People who think before they act rarely go wrong.,Analects 4:23,The line from Confucius I wish I heard sooner.,4-cliffhanger,"You move fast because hesitating feels like weakness. Most of your worst calls came out of the ten seconds you did not take. Thinking first is not slow, it is cheap. Save this for the next decision you want to rush.",#confucius #wisdom #stillness #mindfulness #wisdomquotes,A-parchment,,2026-08-22_s3
2026-08-23,1,8:00 AM PT,A,reel,"Respect the capable, make room for everyone else.",Analects 19:3,Why do smart people stay stuck?,5-direct-question,You either surround yourself only with the sharpest people or you keep everybody comfortable. Neither one builds anything that lasts. Hold a high bar for the work and a wide door for the people. Why do good teams fall apart? Save this.,#confucius #wisdom #relationships #selfimprovement #mindset,A-parchment,,2026-08-23_s1
2026-08-23,2,12:00 PM PT,A,reel,Good friends meet over shared ideals and make each other better.,Analects 12:24,3 Confucius truths about people.,6-number-list,"The friendships that lasted were built on something you were both walking toward, not just shared history. Proximity is not connection. Ask what the two of you are actually building. Who makes you better just by being around? Send it to them.",#confucius #wisdom #relationships #selfimprovement #mindset,B-ink,,2026-08-23_s2
2026-08-23,3,6:00 PM PT,A,reel,The work doesn't end until you do.,Analects 8:7,"If you feel behind, read this.",1-callout,You keep waiting for the stretch where it finally gets easy and you can coast. That version does not arrive. Make peace with the length of it and the weight changes on its own. Save this for the day you want it to be over.,#confucius #wisdom #selfimprovement #discipline #growthmindset,A-parchment,,2026-08-23_s3
2026-08-24,1,8:00 AM PT,A,reel,Leaders are the wind; people are the grass that bends to it.,Analects 12:19,"Confucius on leading (2,500 years early).",2-modern-problem,You set the mood of every room you are responsible for whether you meant to or not. Your bad morning becomes somebody else's bad week. The influence runs one direction and it is always on. What did you set this week?,#confucius #wisdom #leadership #discipline #mindset,A-parchment,,2026-08-24_s1
2026-08-24,2,12:00 PM PT,A,reel,"Leading is hard, and serving is no easier.",Analects 13:15,Everything you're told about leading is wrong.,3-contrarian,You assume one seat at the table is the hard one and everything else is easy. Both jobs are heavy in completely different ways. Whoever told you otherwise has not done either. Which one are you underestimating right now? Save this.,#confucius #wisdom #leadership #discipline #mindset,B-ink,,2026-08-24_s2
2026-08-24,3,6:00 PM PT,A,reel,Understand others by starting with yourself.,Analects 6:28,The line from Confucius I wish I heard sooner.,4-cliffhanger,You keep trying to work someone out from the outside and getting it wrong. The fastest read available is your own reaction to them. What you notice says as much as what they did. Save this for the person you cannot figure out.,#confucius #wisdom #relationships #selfimprovement #mindset,A-parchment,,2026-08-24_s3
2026-08-25,1,8:00 AM PT,A,reel,"If you respect yourself, others will respect you too.",Attributed to Confucius,Why do smart people stay stuck?,5-direct-question,You keep waiting for the room to hand you standing you have not given yourself. People take their read from how you treat you. Set the terms first and watch it change. Why do capable people get overlooked? Save this.,#confucius #wisdom #selfimprovement #mindset #stoicism,A-parchment,,2026-08-25_s1
2026-08-25,2,12:00 PM PT,A,reel,"Take in a lot, keep the good, remember it. That's learning.",Analects 7:27,3 Confucius truths about discipline.,6-number-list,"Three steps and most people only ever do the first. Consume widely, keep the small percent that is actually real, then hold onto it. Skip the last two and you were only entertained. Which step do you drop? Save this.",#confucius #wisdom #selfimprovement #discipline #growthmindset,B-ink,,2026-08-25_s2
2026-08-25,3,6:00 PM PT,A,reel,"To move a mountain, start by carrying away small stones.",Attributed to Confucius,"If you feel behind, read this.",1-callout,"You look at the size of it and freeze, then call the freezing part thinking. Nobody moves a mountain. They move one stone, then the next one. Pick up the first today. Save this for the thing that feels too big.",#confucius #wisdom #stillness #mindfulness #wisdomquotes,A-parchment,,2026-08-25_s3
